index,Contract Role,Total Hours,Total Providers,Average Hrs per Provider,label
2,CNA,17231892.040000007,6865,2510.1080903131838,17.23M (56.13%)
1,LPN,8608154.240000002,6964,1236.0933716255029,8.61M (28.04%)
0,RN,3929326.870000001,5917,664.0741710326181,3.93M (12.8%)
3,Other,930360.3300000001,3236,287.50319221260816,0.93M (3.03%)
